Player,Year,Age,Tm,Winner Tm,SecondPlace,Games,MinutesP,PTS,TRB,AST,STL,BLK,FG,3P,FT,WS,WS48,Winner
Kevin Durant,2014,25,OKC,SAS,MIA,81,38.5,32.0,7.4,5.5,1.3,0.7,.503,.391,.873,19.2,.295,True
LeBron James,2014,29,MIA,SAS,MIA,77,37.7,27.1,6.9,6.3,1.6,0.3,.567,.379,.750,15.9,.264,False
Blake Griffin,2014,24,LAC,SAS,MIA,80,35.8,24.1,9.5,3.9,1.2,0.6,.528,.273,.715,12.2,.205,False
Joakim Noah,2014,28,CHI,SAS,MIA,80,35.3,12.6,11.3,5.4,1.2,1.5,.475,.000,.737,11.2,.190,False
James Harden,2014,24,HOU,SAS,MIA,73,38.0,25.4,4.7,6.1,1.6,0.4,.456,.366,.866,12.8,.221,False
Stephen Curry,2014,25,GSW,SAS,MIA,78,36.5,24.0,4.3,8.5,1.6,0.2,.471,.424,.885,13.4,.225,False
Chris Paul,2014,28,LAC,SAS,MIA,62,35.0,19.1,4.3,10.7,2.5,0.1,.467,.368,.855,12.2,.270,False
Al Jefferson,2014,29,CHA,SAS,MIA,73,35.0,21.8,10.8,2.1,0.9,1.1,.509,.200,.690,7.8,.146,False
Paul George,2014,23,IND,SAS,MIA,80,36.2,21.7,6.8,3.5,1.9,0.3,.424,.364,.864,10.8,.178,False
LaMarcus Aldridge,2014,28,POR,SAS,MIA,69,36.2,23.2,11.1,2.6,0.9,1.0,.458,.200,.822,7.5,.144,False
Kevin Love,2014,25,MIN,SAS,MIA,77,36.3,26.1,12.5,4.4,0.8,0.5,.457,.376,.821,14.3,.245,False
Tim Duncan,2014,37,SAS,SAS,MIA,74,29.2,15.1,9.7,3.0,0.6,1.9,.490,.000,.731,7.4,.164,False
Tony Parker,2014,31,SAS,SAS,MIA,68,29.4,16.7,2.3,5.7,0.5,0.1,.499,.373,.811,5.9,.141,False
Dirk Nowitzki,2014,35,DAL,SAS,MIA,80,32.9,21.7,6.2,2.7,0.9,0.6,.497,.398,.899,10.9,.199,False
Carmelo Anthony,2014,29,NYK,SAS,MIA,77,38.7,27.4,8.1,3.1,1.2,0.7,.452,.402,.848,10.7,.172,False
Goran Dragic,2014,27,PHO,SAS,MIA,76,35.1,20.3,3.2,5.9,1.4,0.3,.505,.408,.760,10.3,.186,False
Mike Conley,2014,26,MEM,SAS,MIA,73,33.5,17.2,2.9,6.0,1.5,0.2,.450,.361,.815,8.2,.161,False
LeBron James,2013,28,MIA,MIA,SAS,76,37.9,26.8,8.0,7.3,1.7,0.9,.565,.406,.753,19.3,.322,True
Kevin Durant,2013,24,OKC,MIA,SAS,81,38.5,28.1,7.9,4.6,1.4,1.3,.510,.416,.905,18.9,.291,False
Carmelo Anthony,2013,28,NYK,MIA,SAS,67,37.0,28.7,6.9,2.6,0.8,0.5,.449,.379,.830,9.5,.184,False
Chris Paul,2013,27,LAC,MIA,SAS,70,33.4,16.9,3.7,9.7,2.4,0.1,.481,.328,.885,13.9,.287,False
Kobe Bryant,2013,34,LAL,MIA,SAS,78,38.6,27.3,5.6,6.0,1.4,0.3,.463,.324,.839,10.9,.174,False
Tony Parker,2013,30,SAS,MIA,SAS,66,32.9,20.3,3.0,7.6,0.8,0.1,.522,.353,.845,9.3,.206,False
Tim Duncan,2013,36,SAS,MIA,SAS,69,30.1,17.8,9.9,2.7,0.7,2.7,.502,.286,.817,8.3,.191,False
James Harden,2013,23,HOU,MIA,SAS,78,38.3,25.9,4.9,5.8,1.8,0.5,.438,.368,.851,12.8,.206,False
Russell Westbrook,2013,24,OKC,MIA,SAS,82,34.9,23.2,5.2,7.4,1.8,0.3,.438,.323,.800,11.6,.195,False
Dwyane Wade,2013,31,MIA,MIA,SAS,69,34.7,21.2,5.0,5.1,1.9,0.8,.521,.258,.725,9.6,.192,False
Stephen Curry,2013,24,GSW,MIA,SAS,78,38.2,22.9,4.0,6.9,1.6,0.2,.451,.453,.900,11.2,.180,False
Kevin Garnett,2013,36,BOS,MIA,SAS,68,29.7,14.8,7.8,2.3,1.1,0.9,.496,.125,.786,5.6,.133,False
Marc Gasol,2013,28,MEM,MIA,SAS,80,35.0,14.1,7.8,4.0,1.0,1.7,.494,.071,.848,11.5,.197,False
Ty Lawson,2013,25,DEN,MIA,SAS,73,34.4,16.7,2.7,6.9,1.5,0.1,.461,.366,.756,7.4,.141,False
David Lee,2013,29,GSW,MIA,SAS,79,36.8,18.5,11.2,3.5,0.8,0.3,.519,.000,.797,9.1,.150,False
Joakim Noah,2013,27,CHI,MIA,SAS,66,36.8,11.9,11.1,4.0,1.2,2.1,.481,.000,.751,7.3,.145,False
LeBron James,2012,28,MIA,MIA,OKC,76,37.9,26.8,8.0,7.3,1.7,0.9,.565,.406,.753,19.3,.322,True
Kevin Durant,2012,24,OKC,MIA,OKC,81,38.5,28.1,7.9,4.6,1.4,1.3,.510,.416,.905,18.9,.291,False
Carmelo Anthony,2012,28,NYK,MIA,OKC,67,37.0,28.7,6.9,2.6,0.8,0.5,.449,.379,.830,9.5,.184,False
Chris Paul,2012,27,LAC,MIA,OKC,70,33.4,16.9,3.7,9.7,2.4,0.1,.481,.328,.885,13.9,.287,False
Kobe Bryant,2012,34,LAL,MIA,OKC,78,38.6,27.3,5.6,6.0,1.4,0.3,.463,.324,.839,10.9,.174,False
Tony Parker,2012,30,SAS,MIA,OKC,66,32.9,20.3,3.0,7.6,0.8,0.1,.522,.353,.845,9.3,.206,False
Tim Duncan,2012,36,SAS,MIA,OKC,69,30.1,17.8,9.9,2.7,0.7,2.7,.502,.286,.817,8.3,.191,False
James Harden,2012,23,HOU,MIA,OKC,78,38.3,25.9,4.9,5.8,1.8,0.5,.438,.368,.851,12.8,.206,False
Russell Westbrook,2012,24,OKC,MIA,OKC,82,34.9,23.2,5.2,7.4,1.8,0.3,.438,.323,.800,11.6,.195,False
Dwyane Wade,2012,31,MIA,MIA,OKC,69,34.7,21.2,5.0,5.1,1.9,0.8,.521,.258,.725,9.6,.192,False
Stephen Curry,2012,24,GSW,MIA,OKC,78,38.2,22.9,4.0,6.9,1.6,0.2,.451,.453,.900,11.2,.180,False
Kevin Garnett,2012,36,BOS,MIA,OKC,68,29.7,14.8,7.8,2.3,1.1,0.9,.496,.125,.786,5.6,.133,False
Marc Gasol,2012,28,MEM,MIA,OKC,80,35.0,14.1,7.8,4.0,1.0,1.7,.494,.071,.848,11.5,.197,False
Ty Lawson,2012,25,DEN,MIA,OKC,73,34.4,16.7,2.7,6.9,1.5,0.1,.461,.366,.756,7.4,.141,False
David Lee,2012,29,GSW,MIA,OKC,79,36.8,18.5,11.2,3.5,0.8,0.3,.519,.000,.797,9.1,.150,False
Joakim Noah,2012,27,CHI,MIA,OKC,66,36.8,11.9,11.1,4.0,1.2,2.1,.481,.000,.751,7.3,.145,False
Derrick Rose,2011,22,CHI,DAL,MIA,81,37.4,25.0,4.1,7.7,1.0,0.6,.445,.332,.858,13.1,.208,True
Dwight Howard,2011,25,ORL,DAL,MIA,78,37.6,22.9,14.1,1.4,1.4,2.4,.593,.000,.596,14.4,.235,False
LeBron James,2011,26,MIA,DAL,MIA,79,38.8,26.7,7.5,7.0,1.6,0.6,.510,.330,.759,15.6,.244,False
Kobe Bryant,2011,32,LAL,DAL,MIA,82,33.9,25.3,5.1,4.7,1.2,0.1,.451,.323,.828,10.3,.178,False
Kevin Durant,2011,22,OKC,DAL,MIA,78,38.9,27.7,6.8,2.7,1.1,1.0,.462,.350,.880,12.0,.189,False
Dirk Nowitzki,2011,32,DAL,DAL,MIA,73,34.3,23.0,7.0,2.6,0.5,0.6,.517,.393,.892,11.1,.213,False
Dwyane Wade,2011,29,MIA,DAL,MIA,76,37.1,25.5,6.4,4.6,1.5,1.1,.500,.306,.758,12.8,.218,False
Manu Ginobili,2011,33,SAS,DAL,MIA,80,30.3,17.4,3.7,4.9,1.5,0.4,.433,.349,.871,9.9,.195,False
Amar'e Stoudemire,2011,28,NYK,DAL,MIA,78,36.8,25.3,8.2,2.6,0.9,1.9,.502,.435,.792,8.0,.134,False
Blake Griffin,2011,21,LAC,DAL,MIA,82,38.0,22.5,12.1,3.8,0.8,0.5,.506,.292,.642,9.8,.152,False
Rajon Rondo,2011,24,BOS,DAL,MIA,68,37.2,10.6,4.4,11.2,2.3,0.2,.475,.233,.568,6.6,.126,False
Tony Parker,2011,28,SAS,DAL,MIA,78,32.4,17.5,3.1,6.6,1.2,0.0,.519,.357,.769,8.2,.156,False
Chris Paul,2011,25,NOH,DAL,MIA,80,36.0,15.9,4.1,9.8,2.4,0.1,.463,.388,.878,13.9,.232,False
LeBron James,2010,25,CLE,LAL,BOS,76,39.0,29.7,7.3,8.6,1.6,1.0,.503,.333,.767,18.5,.299,True
Kevin Durant,2010,21,OKC,LAL,BOS,82,39.5,30.1,7.6,2.8,1.4,1.0,.476,.365,.900,16.1,.238,False
Kobe Bryant,2010,31,LAL,LAL,BOS,73,38.8,27.0,5.4,5.0,1.5,0.3,.456,.329,.811,9.4,.160,False
Dwight Howard,2010,24,ORL,LAL,BOS,82,34.7,18.3,13.2,1.8,0.9,2.8,.612,.000,.592,13.2,.223,False
Dwyane Wade,2010,28,MIA,LAL,BOS,77,36.3,26.6,4.8,6.5,1.8,1.1,.476,.300,.761,13.0,.224,False
Carmelo Anthony,2010,25,DEN,LAL,BOS,69,38.2,28.2,6.6,3.2,1.3,0.4,.458,.316,.830,7.9,.145,False
Dirk Nowitzki,2010,31,DAL,LAL,BOS,81,37.5,25.0,7.7,2.7,0.9,1.0,.481,.421,.915,12.3,.194,False
Steve Nash,2010,35,PHO,LAL,BOS,81,32.8,16.5,3.3,11.0,0.5,0.1,.507,.426,.938,9.9,.178,False
Deron Williams,2010,25,UTA,LAL,BOS,76,36.9,18.7,4.0,10.5,1.3,0.2,.469,.371,.801,10.3,.177,False
Amar'e Stoudemire,2010,27,PHO,LAL,BOS,82,34.6,23.1,8.9,1.0,0.6,1.0,.557,.167,.771,10.7,.181,False
Manu Ginobili,2010,32,SAS,LAL,BOS,75,28.7,16.5,3.8,4.9,1.4,0.3,.441,.377,.870,9.7,.216,False
Chauncey Billups,2010,33,DEN,LAL,BOS,73,34.1,19.5,3.1,5.6,1.1,0.1,.418,.386,.910,9.5,.182,False
Chris Bosh,2010,25,TOR,LAL,BOS,70,36.1,24.0,10.8,2.4,0.6,1.0,.518,.364,.797,9.6,.182,False
Stephen Jackson,2010,31,TOT,LAL,BOS,81,38.6,20.6,5.0,3.7,1.6,0.5,.423,.328,.779,5.0,.077,False
Joe Johnson,2010,28,ATL,LAL,BOS,76,38.0,21.3,4.6,4.9,1.1,0.1,.458,.369,.818,8.4,.140,False
LeBron James,2009,24,CLE,LAL,ORL,81,37.7,28.4,7.6,7.2,1.7,1.1,.489,.344,.780,20.3,.318,True
Kobe Bryant,2009,30,LAL,LAL,ORL,82,36.1,26.8,5.2,4.9,1.5,0.5,.467,.351,.856,12.7,.206,False
Dwyane Wade,2009,27,MIA,LAL,ORL,79,38.6,30.2,5.0,7.5,2.2,1.3,.491,.317,.765,14.7,.232,False
Dwight Howard,2009,23,ORL,LAL,ORL,79,35.7,20.6,13.8,1.4,1.0,2.9,.572,.000,.594,13.8,.234,False
Chris Paul,2009,23,NOH,LAL,ORL,78,38.5,22.8,5.5,11.0,2.8,0.1,.503,.364,.868,18.3,.292,False
Chauncey Billups,2009,32,TOT,LAL,ORL,79,35.3,17.7,3.0,6.4,1.2,0.2,.418,.408,.913,10.1,.174,False
Paul Pierce,2009,31,BOS,LAL,ORL,81,37.5,20.5,5.6,3.6,1.0,0.3,.457,.391,.830,10.3,.164,False
Tony Parker,2009,26,SAS,LAL,ORL,72,34.1,22.0,3.1,6.9,0.9,0.1,.506,.292,.782,8.6,.168,False
Brandon Roy,2009,24,POR,LAL,ORL,78,37.2,22.6,4.7,5.1,1.1,0.3,.480,.377,.824,13.5,.223,False
Tim Duncan,2009,32,SAS,LAL,ORL,75,33.7,19.3,10.7,3.5,0.5,1.7,.504,.000,.692,10.1,.191,False
Dirk Nowitzki,2009,30,DAL,LAL,ORL,81,37.7,25.9,8.4,2.4,0.8,0.8,.479,.359,.890,10.9,.171,False
Yao Ming,2009,28,HOU,LAL,ORL,77,33.6,19.7,9.9,1.8,0.4,1.9,.548,1.000,.866,10.6,.196,False
Kobe Bryant,2008,29,LAL,BOS,LAL,82,38.9,28.3,6.3,5.4,1.8,0.5,.459,.361,.840,13.8,.208,True
Chris Paul,2008,22,NOH,BOS,LAL,80,37.6,21.1,4.0,11.6,2.7,0.1,.488,.369,.851,17.8,.284,False
Kevin Garnett,2008,31,BOS,BOS,LAL,71,32.8,18.8,9.2,3.4,1.4,1.3,.539,.000,.801,12.9,.265,False
LeBron James,2008,23,CLE,BOS,LAL,75,40.4,30.0,7.9,7.2,1.8,1.1,.484,.315,.712,15.2,.242,False
Dwight Howard,2008,22,ORL,BOS,LAL,82,37.7,20.7,14.2,1.3,0.9,2.1,.599,.000,.590,12.9,.200,False
Amar'e Stoudemire,2008,25,PHO,BOS,LAL,79,33.9,25.2,9.1,1.5,0.8,2.1,.590,.161,.805,14.6,.262,False
Tim Duncan,2008,31,SAS,BOS,LAL,78,34.0,19.3,11.3,2.8,0.7,1.9,.497,.000,.730,11.1,.201,False
Tracy McGrady,2008,28,HOU,BOS,LAL,66,37.0,21.6,5.1,5.9,1.0,0.5,.419,.292,.684,5.8,.115,False
Steve Nash,2008,33,PHO,BOS,LAL,81,34.3,16.9,3.5,11.1,0.7,0.1,.504,.470,.906,10.5,.181,False
Manu Ginobili,2008,30,SAS,BOS,LAL,74,31.1,19.5,4.8,4.5,1.5,0.4,.460,.401,.860,11.1,.232,False
Dirk Nowitzki,2008,29,DAL,BOS,LAL,77,36.0,23.6,8.6,3.5,0.7,0.9,.479,.359,.879,12.9,.223,False
Deron Williams,2008,23,UTA,BOS,LAL,82,37.3,18.8,3.0,10.5,1.1,0.3,.507,.395,.803,11.3,.177,False
Carmelo Anthony,2008,23,DEN,BOS,LAL,77,36.4,25.7,7.4,3.4,1.3,0.5,.492,.354,.786,8.2,.140,False
Carlos Boozer,2008,26,UTA,BOS,LAL,81,34.9,21.1,10.4,2.9,1.2,0.5,.547,.000,.738,10.2,.173,False
Antawn Jamison,2008,31,WAS,BOS,LAL,79,38.7,21.4,10.2,1.5,1.3,0.4,.436,.339,.760,9.2,.144,False
Paul Pierce,2008,30,BOS,BOS,LAL,80,35.9,19.6,5.1,4.5,1.3,0.5,.464,.392,.843,12.4,.207,False
Rasheed Wallace,2008,33,DET,BOS,LAL,77,30.5,12.7,6.6,1.8,1.2,1.7,.432,.356,.767,7.6,.155,False
Dirk Nowitzki,2007,28,DAL,SAS,CLE,78,36.2,24.6,8.9,3.4,0.7,0.8,.502,.416,.904,16.3,.278,True
Steve Nash,2007,32,PHO,SAS,CLE,76,35.3,18.6,3.5,11.6,0.8,0.1,.532,.455,.899,12.6,.225,False
Kobe Bryant,2007,28,LAL,SAS,CLE,77,40.8,31.6,5.7,5.4,1.4,0.5,.463,.344,.868,13.0,.199,False
Tim Duncan,2007,30,SAS,SAS,CLE,80,34.1,20.0,10.6,3.4,0.8,2.4,.546,.111,.637,13.0,.230,False
LeBron James,2007,22,CLE,SAS,CLE,78,40.9,27.3,6.7,6.0,1.6,0.7,.476,.319,.698,13.7,.206,False
Tracy McGrady,2007,27,HOU,SAS,CLE,71,35.8,24.6,5.3,6.5,1.3,0.5,.431,.331,.707,8.6,.163,False
Chris Bosh,2007,22,TOR,SAS,CLE,69,38.5,22.6,10.7,2.5,0.6,1.3,.496,.343,.785,9.6,.174,False
Gilbert Arenas,2007,25,WAS,SAS,CLE,74,39.8,28.4,4.6,6.0,1.9,0.2,.418,.351,.844,10.8,.177,False
Carlos Boozer,2007,25,UTA,SAS,CLE,74,34.6,20.9,11.7,3.0,0.9,0.3,.561,.000,.685,9.9,.185,False
Kevin Garnett,2007,30,MIN,SAS,CLE,76,39.4,22.4,12.8,4.1,1.2,1.7,.476,.214,.835,10.7,.171,False
Chauncey Billups,2007,30,DET,SAS,CLE,70,36.2,17.0,3.4,7.2,1.2,0.2,.427,.345,.883,11.4,.216,False
Shaquille O'Neal,2007,34,MIA,SAS,CLE,40,28.4,17.3,7.4,2.0,0.2,1.4,.591,.000,.422,2.8,.119,False
Amar'e Stoudemire,2007,24,PHO,SAS,CLE,82,32.8,20.4,9.6,1.0,1.0,1.3,.575,.000,.781,11.2,.201,False
Dwyane Wade,2007,25,MIA,SAS,CLE,51,37.9,27.4,4.7,7.5,2.1,1.2,.491,.266,.807,8.8,.219,False
Carmelo Anthony,2007,22,DEN,SAS,CLE,65,38.2,28.9,6.0,3.8,1.2,0.4,.476,.268,.808,7.3,.140,False
Baron Davis,2007,27,GSW,SAS,CLE,63,35.3,20.1,4.4,8.1,2.1,0.5,.439,.304,.745,6.4,.139,False
Tony Parker,2007,24,SAS,SAS,CLE,77,32.5,18.6,3.2,5.5,1.1,0.1,.520,.395,.783,9.6,.185,False
Steve Nash,2006,31,PHO,MIA,LAL,79,35.4,18.8,4.2,10.5,0.8,0.2,.512,.439,.921,12.4,.212,True
LeBron James,2006,21,CLE,MIA,LAL,79,42.5,31.4,7.0,6.6,1.6,0.8,.480,.335,.738,16.3,.232,False
Dirk Nowitzki,2006,27,DAL,MIA,LAL,81,38.1,26.6,9.0,2.8,0.7,1.0,.480,.406,.901,17.7,.275,False
Kobe Bryant,2006,27,LAL,MIA,LAL,80,41.0,35.4,5.3,4.5,1.8,0.4,.450,.347,.850,15.3,.224,False
Chauncey Billups,2006,29,DET,MIA,LAL,81,36.1,18.5,3.1,8.6,0.9,0.1,.418,.433,.894,15.5,.254,False
Dwyane Wade,2006,24,MIA,MIA,LAL,75,38.6,27.2,5.7,6.7,1.9,0.8,.495,.171,.783,14.4,.239,False
Elton Brand,2006,26,LAC,MIA,LAL,79,39.2,24.7,10.0,2.6,1.0,2.5,.527,.333,.775,14.8,.229,False
Tim Duncan,2006,29,SAS,MIA,LAL,80,34.8,18.6,11.0,3.2,0.9,2.0,.484,.400,.629,10.8,.187,False
Tony Parker,2006,23,SAS,MIA,LAL,80,33.9,18.9,3.3,5.8,1.0,0.1,.548,.306,.707,9.6,.169,False
Allen Iverson,2006,30,PHI,MIA,LAL,72,43.1,33.0,3.2,7.4,1.9,0.1,.447,.323,.814,10.6,.165,False
Shawn Marion,2006,27,PHO,MIA,LAL,81,40.3,21.8,11.8,1.8,2.0,1.7,.525,.331,.809,14.6,.214,False
Steve Nash,2005,30,PHO,SAS,DET,75,34.3,15.5,3.3,11.5,1.0,0.1,.502,.431,.887,10.9,.203,True
Shaquille O'Neal,2005,32,MIA,SAS,DET,73,34.1,22.9,10.4,2.7,0.5,2.3,.601,.000,.461,11.0,.211,False
Dirk Nowitzki,2005,26,DAL,SAS,DET,78,38.7,26.1,9.7,3.1,1.2,1.5,.459,.399,.869,15.6,.248,False
Tim Duncan,2005,28,SAS,SAS,DET,66,33.4,20.3,11.1,2.7,0.7,2.6,.496,.333,.670,11.2,.245,False
Allen Iverson,2005,29,PHI,SAS,DET,75,42.3,30.7,4.0,7.9,2.4,0.1,.424,.308,.835,9.0,.136,False
LeBron James,2005,20,CLE,SAS,DET,80,42.4,27.2,7.4,7.2,2.2,0.7,.472,.351,.750,14.3,.203,False
Tracy McGrady,2005,25,HOU,SAS,DET,78,40.8,25.7,6.2,5.7,1.7,0.7,.431,.326,.774,12.0,.180,False
Dwyane Wade,2005,23,MIA,SAS,DET,77,38.6,24.1,5.2,6.8,1.6,1.1,.478,.289,.762,11.0,.177,False
Amar'e Stoudemire,2005,22,PHO,SAS,DET,80,36.1,26.0,8.9,1.6,1.0,1.6,.559,.188,.733,14.6,.243,False
Ray Allen,2005,29,SEA,SAS,DET,78,39.3,23.9,4.4,3.7,1.1,0.1,.428,.376,.883,10.7,.168,False
Kevin Garnett,2005,28,MIN,SAS,DET,82,38.1,22.2,13.5,5.7,1.5,1.4,.502,.240,.811,16.1,.248,False
Gilbert Arenas,2005,23,WAS,SAS,DET,80,40.9,25.5,4.7,5.1,1.7,0.3,.431,.365,.814,11.5,.169,False
Vince Carter,2005,28,TOT,SAS,DET,77,36.7,24.5,5.2,4.2,1.4,0.6,.452,.406,.798,9.4,.159,False
P.J. Brown,2005,35,NOH,SAS,DET,82,34.4,10.8,9.0,2.2,0.9,0.6,.446,.000,.864,6.9,.118,False
Marcus Camby,2005,30,DEN,SAS,DET,66,30.5,10.3,10.0,2.3,0.9,3.0,.465,.000,.723,5.8,.138,False
Shawn Marion,2005,26,PHO,SAS,DET,81,38.8,19.4,11.3,1.9,2.0,1.5,.476,.334,.833,12.5,.191,False
Kevin Garnett,2004,27,MIN,DET,LAL,82,39.4,24.2,13.9,5.0,1.5,2.2,.499,.256,.791,18.3,.272,True
Tim Duncan,2004,27,SAS,DET,LAL,69,36.6,22.3,12.4,3.1,0.9,2.7,.501,.167,.599,13.1,.249,False
Jermaine O'Neal,2004,25,IND,DET,LAL,78,35.7,20.1,10.0,2.1,0.8,2.6,.434,.111,.757,9.0,.155,False
Peja Stojakovic,2004,26,SAC,DET,LAL,81,40.3,24.2,6.3,2.1,1.3,0.2,.480,.433,.927,13.5,.198,False
Kobe Bryant,2004,25,LAL,DET,LAL,65,37.6,24.0,5.5,5.1,1.7,0.4,.438,.327,.852,10.7,.210,False
Shaquille O'Neal,2004,31,LAL,DET,LAL,67,36.8,21.5,11.5,2.9,0.5,2.5,.584,.000,.490,9.9,.192,False
Ben Wallace,2004,29,DET,DET,LAL,81,37.7,9.5,12.4,1.7,1.8,3.0,.421,.125,.490,10.2,.160,False
Jason Kidd,2004,30,NJN,DET,LAL,67,36.6,15.5,6.4,9.2,1.8,0.2,.384,.321,.827,7.2,.141,False
LeBron James,2004,19,CLE,DET,LAL,79,39.5,20.9,5.5,5.9,1.6,0.7,.417,.290,.754,5.1,.078,False
Sam Cassell,2004,34,MIN,DET,LAL,81,35.0,19.8,3.3,7.3,1.3,0.2,.488,.398,.873,12.1,.205,False
Baron Davis,2004,24,NOH,DET,LAL,67,40.1,22.9,4.3,7.5,2.4,0.4,.395,.321,.673,7.5,.133,False
Dirk Nowitzki,2004,25,DAL,DET,LAL,77,37.9,21.8,8.7,2.7,1.2,1.4,.462,.341,.877,11.5,.190,False
Andrei Kirilenko,2004,22,UTA,DET,LAL,78,37.1,16.5,8.1,3.1,1.9,2.8,.443,.338,.790,11.6,.192,False
Carmelo Anthony,2004,19,DEN,DET,LAL,82,36.5,21.0,6.1,2.8,1.2,0.5,.426,.322,.777,6.1,.098,False
Yao Ming,2004,23,HOU,DET,LAL,82,32.8,17.5,9.0,1.5,0.3,1.9,.522,.000,.809,11.4,.202,False
Michael Redd,2004,24,MIL,DET,LAL,82,36.8,21.7,5.0,2.3,1.0,0.1,.440,.350,.868,9.7,.154,False
Tim Duncan,2003,26,SAS,SAS,NJN,81,39.3,23.3,12.9,3.9,0.7,2.9,.513,.273,.710,16.5,.248,True
Kevin Garnett,2003,26,MIN,SAS,NJN,82,40.5,23.0,13.4,6.0,1.4,1.6,.502,.282,.751,15.6,.225,False
Kobe Bryant,2003,24,LAL,SAS,NJN,82,41.5,30.0,6.9,5.9,2.2,0.8,.451,.383,.843,14.9,.210,False
Tracy McGrady,2003,23,ORL,SAS,NJN,75,39.4,32.1,6.5,5.5,1.7,0.8,.457,.386,.793,16.1,.262,False
Shaquille O'Neal,2003,30,LAL,SAS,NJN,67,37.8,27.5,11.1,3.1,0.6,2.4,.574,.000,.622,13.2,.250,False
Allen Iverson,2003,27,PHI,SAS,NJN,82,42.5,27.6,4.2,5.5,2.7,0.2,.414,.277,.774,9.2,.127,False
Dirk Nowitzki,2003,24,DAL,SAS,NJN,80,39.0,25.1,9.9,3.0,1.4,1.0,.463,.379,.881,16.1,.249,False
Ben Wallace,2003,28,DET,SAS,NJN,73,39.4,6.9,15.4,1.6,1.4,3.2,.481,.167,.450,10.6,.176,False
Jason Kidd,2003,29,NJN,SAS,NJN,80,37.4,18.7,6.3,8.9,2.2,0.3,.414,.341,.841,11.3,.182,False
Chris Webber,2003,29,SAC,SAS,NJN,67,39.1,23.0,10.5,5.4,1.6,1.3,.461,.238,.607,6.9,.127,False
Jamal Mashburn,2003,30,NOH,SAS,NJN,82,40.5,21.6,6.1,5.6,1.0,0.2,.422,.389,.848,9.0,.130,False
Steve Nash,2003,28,DAL,SAS,NJN,82,33.1,17.7,2.9,7.3,1.0,0.1,.465,.413,.909,11.6,.206,False
Paul Pierce,2003,25,BOS,SAS,NJN,79,39.2,25.9,7.3,4.4,1.8,0.8,.416,.302,.802,10.1,.157,False
Tim Duncan,2002,25,SAS,LAL,NJN,82,40.6,25.5,12.7,3.7,0.7,2.5,.508,.100,.799,17.8,.257,True
Jason Kidd,2002,28,NJN,LAL,NJN,82,37.3,14.7,7.3,9.9,2.1,0.2,.391,.321,.814,8.9,.140,False
Shaquille O'Neal,2002,29,LAL,LAL,NJN,67,36.1,27.2,10.7,3.0,0.6,2.0,.579,.000,.555,13.2,.262,False
Tracy McGrady,2002,22,ORL,LAL,NJN,76,38.3,25.6,7.9,5.3,1.6,1.0,.451,.364,.748,11.5,.189,False
Kobe Bryant,2002,23,LAL,LAL,NJN,80,38.3,25.2,5.5,5.5,1.5,0.4,.469,.250,.829,12.7,.199,False
Gary Payton,2002,33,SEA,LAL,NJN,82,40.3,22.1,4.8,9.0,1.6,0.3,.467,.314,.797,12.6,.183,False
Chris Webber,2002,28,SAC,LAL,NJN,54,38.4,24.5,10.1,4.8,1.7,1.4,.495,.263,.749,8.6,.200,False
Dirk Nowitzki,2002,23,DAL,LAL,NJN,76,38.0,23.4,9.9,2.4,1.1,1.0,.477,.397,.853,13.4,.222,False
Allen Iverson,2002,26,PHI,LAL,NJN,60,43.7,31.4,4.5,5.5,2.8,0.2,.398,.291,.812,6.9,.126,False
Ben Wallace,2002,27,DET,LAL,NJN,80,36.5,7.6,13.0,1.4,1.7,3.5,.531,.000,.423,11.6,.190,False
Paul Pierce,2002,24,BOS,LAL,NJN,82,40.3,26.1,6.9,3.2,1.9,1.0,.442,.404,.809,12.9,.187,False
Kevin Garnett,2002,25,MIN,LAL,NJN,81,39.2,21.2,12.1,5.2,1.2,1.6,.470,.319,.801,12.8,.194,False
Michael Jordan,2002,38,WAS,LAL,NJN,60,34.9,22.9,5.7,5.2,1.4,0.4,.416,.189,.790,3.3,.075,False
Steve Nash,2002,27,DAL,LAL,NJN,82,34.6,17.9,3.1,7.7,0.6,0.0,.483,.455,.887,9.9,.167,False
Jerry Stackhouse,2002,27,DET,LAL,NJN,76,35.3,21.4,4.1,5.3,1.0,0.5,.397,.287,.858,5.8,.104,False
Mike Bibby,2002,23,SAC,LAL,NJN,80,33.2,13.7,2.8,5.0,1.1,0.2,.453,.370,.803,6.3,.113,False
Elton Brand,2002,22,LAC,LAL,NJN,80,37.8,18.2,11.6,2.4,1.0,2.0,.527,.000,.742,13.6,.216,False
Peja Stojakovic,2002,24,SAC,LAL,NJN,71,37.3,21.2,5.3,2.5,1.1,0.2,.484,.416,.876,9.9,.179,False
Allen Iverson,2001,25,PHI,LAL,PHI,71,42.0,31.1,3.8,4.6,2.5,0.3,.420,.320,.814,11.8,.190,True
Tim Duncan,2001,24,SAS,LAL,PHI,82,38.7,22.2,12.2,3.0,0.9,2.3,.499,.259,.618,13.2,.200,False
Shaquille O'Neal,2001,28,LAL,LAL,PHI,74,39.5,28.7,12.7,3.7,0.6,2.8,.572,.000,.513,14.9,.245,False
Chris Webber,2001,27,SAC,LAL,PHI,70,40.5,27.1,11.1,4.2,1.3,1.7,.481,.071,.703,11.0,.186,False
Kevin Garnett,2001,24,MIN,LAL,PHI,81,39.5,22.0,11.4,5.0,1.4,1.8,.477,.288,.764,11.8,.176,False
Tracy McGrady,2001,21,ORL,LAL,PHI,77,40.1,26.8,7.5,4.6,1.5,1.5,.457,.355,.733,12.2,.189,False
Karl Malone,2001,37,UTA,LAL,PHI,81,35.7,23.2,8.3,4.5,1.1,0.8,.498,.400,.793,13.1,.217,False
Jason Kidd,2001,27,PHO,LAL,PHI,77,39.8,16.9,6.4,9.8,2.2,0.3,.411,.297,.814,9.6,.150,False
Kobe Bryant,2001,22,LAL,LAL,PHI,68,40.9,28.5,5.9,5.0,1.7,0.6,.464,.305,.853,11.3,.196,False
Ray Allen,2001,25,MIL,LAL,PHI,82,38.2,22.0,5.2,4.6,1.5,0.2,.480,.433,.888,13.7,.211,False
Vince Carter,2001,24,TOR,LAL,PHI,75,39.7,27.6,5.5,3.9,1.5,1.1,.460,.408,.765,12.9,.208,False
David Robinson,2001,35,SAS,LAL,PHI,80,29.6,14.4,8.6,1.5,1.0,2.5,.486,.000,.747,12.1,.246,False
Paul Pierce,2001,23,BOS,LAL,PHI,82,38.0,25.3,6.4,3.1,1.7,0.8,.454,.383,.745,10.4,.160,False
Jerry Stackhouse,2001,26,DET,LAL,PHI,80,40.2,29.8,3.9,5.1,1.2,0.7,.402,.351,.822,9.2,.137,False
Michael Finley,2001,27,DAL,LAL,PHI,82,42.0,21.5,5.2,4.4,1.4,0.4,.458,.346,.775,8.5,.119,False
Anthony Mason,2001,34,MIA,LAL,PHI,80,40.7,16.1,9.6,3.1,1.0,0.3,.482,.000,.781,11.6,.171,False
John Stockton,2001,38,UTA,LAL,PHI,82,29.2,11.5,2.8,8.7,1.6,0.3,.504,.462,.817,10.8,.216,False
Shaquille O'Neal,2000,27,LAL,LAL,IND,79,40.0,29.7,13.6,3.8,0.5,3.0,.574,.000,.524,18.6,.283,True
Kevin Garnett,2000,23,MIN,LAL,IND,81,40.0,22.9,11.8,5.0,1.5,1.6,.497,.370,.765,11.6,.172,False
Alonzo Mourning,2000,29,MIA,LAL,IND,79,34.8,21.7,9.5,1.6,0.5,3.7,.551,.000,.711,12.9,.226,False
Karl Malone,2000,36,UTA,LAL,IND,82,35.9,25.5,9.5,3.7,1.0,0.9,.509,.250,.797,15.3,.249,False
Tim Duncan,2000,23,SAS,LAL,IND,74,38.9,23.2,12.4,3.2,0.9,2.2,.490,.091,.761,13.0,.218,False
Gary Payton,2000,31,SEA,LAL,IND,82,41.8,24.2,6.5,8.9,1.9,0.2,.448,.340,.735,13.9,.195,False
Allen Iverson,2000,24,PHI,LAL,IND,70,40.8,28.4,3.8,4.7,2.1,0.1,.421,.341,.713,6.9,.116,False
Grant Hill,2000,27,DET,LAL,IND,74,37.5,25.8,6.6,5.2,1.4,0.6,.489,.347,.795,10.7,.185,False
Chris Webber,2000,26,SAC,LAL,IND,75,38.4,24.5,10.5,4.6,1.6,1.7,.483,.284,.751,10.7,.179,False
Vince Carter,2000,23,TOR,LAL,IND,82,38.1,25.7,5.8,3.9,1.3,1.1,.465,.403,.791,11.8,.182,False
Jason Kidd,2000,26,PHO,LAL,IND,67,39.0,14.3,7.2,10.1,2.0,0.4,.409,.337,.829,8.5,.156,False
Kobe Bryant,2000,21,LAL,LAL,IND,66,38.2,22.5,6.3,4.9,1.6,0.9,.468,.319,.821,10.6,.202,False
Darrell Armstrong,2000,31,ORL,LAL,IND,82,31.6,16.2,3.3,6.1,2.1,0.1,.433,.340,.911,8.0,.149,False
Michael Finley,2000,26,DAL,LAL,IND,82,42.2,22.6,6.3,5.3,1.3,0.4,.457,.401,.820,8.3,.114,False
Reggie Miller,2000,34,IND,LAL,IND,81,36.9,18.1,3.0,2.3,1.0,0.3,.448,.408,.919,10.1,.162,False
Jalen Rose,2000,27,IND,LAL,IND,80,37.2,18.2,4.8,4.0,1.1,0.6,.471,.393,.827,7.3,.118,False
Karl Malone,1999,35,UTA,SAS,NYK,49,37.4,23.8,9.4,4.1,1.3,0.6,.493,.000,.788,9.6,.252,True
Michael Jordan,1998,34,CHI,CHI,UTA,82,38.8,28.7,5.8,3.5,1.7,0.5,.465,.238,.784,15.8,.238,True
Karl Malone,1997,33,UTA,CHI,UTA,82,36.6,27.4,9.9,4.5,1.4,0.6,.550,.000,.755,16.7,.268,True
Michael Jordan,1996,32,CHI,CHI,SEA,82,37.7,30.4,6.6,4.3,2.2,0.5,.495,.427,.834,20.4,.317,True
David Robinson,1995,29,SAS,HOU,ORL,81,38.0,27.6,10.8,2.9,1.7,3.2,.530,.300,.774,17.5,.273,True
Hakeem Olajuwon,1994,31,HOU,HOU,NYK,80,41.0,27.3,11.9,3.6,1.6,3.7,.528,.421,.716,14.3,.210,True
Charles Barkley,1993,29,PHO,CHI,PHO,76,37.6,25.6,12.2,5.1,1.6,1.0,.520,.305,.765,14.4,.242,True
Michael Jordan,1992,28,CHI,CHI,POR,80,38.8,30.1,6.4,6.1,2.3,0.9,.519,.270,.832,17.7,.274,True
Michael Jordan,1991,27,CHI,CHI,LAL,82,37.0,31.5,6.0,5.5,2.7,1.0,.539,.312,.851,20.3,.321,True
Magic Johnson,1990,30,LAL,DET,POR,79,37.2,22.3,6.6,11.5,1.7,0.4,.480,.384,.890,16.5,.270,True
Magic Johnson,1989,29,LAL,DET,LAL,77,37.5,22.5,7.9,12.8,1.8,0.3,.509,.314,.911,16.1,.267,True
Michael Jordan,1988,24,CHI,LAL,DET,82,40.4,35.0,5.5,5.9,3.2,1.6,.535,.132,.841,21.2,.308,True
Magic Johnson,1987,27,LAL,LAL,BOS,80,36.3,23.9,6.3,12.2,1.7,0.5,.522,.205,.848,15.9,.263,True
Larry Bird,1986,29,BOS,BOS,HOU,82,38.0,25.8,9.8,6.8,2.0,0.6,.496,.423,.896,15.8,.244,True
Larry Bird,1985,28,BOS,LAL,BOS,80,39.5,28.7,10.5,6.6,1.6,1.2,.522,.427,.882,15.7,.238,True
Larry Bird,1984,27,BOS,BOS,LAL,79,38.3,24.2,10.1,6.6,1.8,0.9,.492,.247,.888,13.6,.215,True
